[{"n":"CocosPlane","p":{"x":0,"y":0,"z":0},"r":{"x":-0.7071067811865475,"y":0,"z":0,"w":0.7071067811865476},"s":{"x":2,"y":2,"z":1}},{"n":"house01","p":{"x":-23.25,"y":0.5,"z":26.268},"r":{"x":0,"y":0,"z":0,"w":1},"s":{"x":1,"y":1,"z":1}},{"n":"house01","p":{"x":-23.25,"y":0.5,"z":-5.815},"r":{"x":0,"y":0,"z":0,"w":1},"s":{"x":1,"y":1,"z":1}},{"n":"house01","p":{"x":-23.25,"y":0.5,"z":-21.617},"r":{"x":0,"y":0,"z":0,"w":1},"s":{"x":1,"y":1,"z":1}},{"n":"house01","p":{"x":-35.568,"y":0.5,"z":-13.283},"r":{"x":0,"y":1,"z":0,"w":6.123233995736766e-17},"s":{"x":1,"y":1,"z":1}},{"n":"house01","p":{"x":-16.628,"y":0.5,"z":-12.738},"r":{"x":0,"y":1,"z":0,"w":6.123233995736766e-17},"s":{"x":1,"y":1,"z":1}},{"n":"house01","p":{"x":-3.341,"y":0.5,"z":-6.298},"r":{"x":0,"y":0,"z":0,"w":1},"s":{"x":1,"y":1,"z":1}},{"n":"house01","p":{"x":36.235,"y":0.5,"z":-18.897},"r":{"x":0,"y":0,"z":0,"w":1},"s":{"x":1,"y":1,"z":1}},{"n":"house01","p":{"x":36.132,"y":0.5,"z":10.069},"r":{"x":0,"y":0,"z":0,"w":1},"s":{"x":1,"y":1,"z":1}},{"n":"house01","p":{"x":22.897,"y":0.5,"z":22.538},"r":{"x":0,"y":0,"z":0,"w":1},"s":{"x":1,"y":1,"z":1}},{"n":"house02","p":{"x":-23.449,"y":0.5,"z":-13.631},"r":{"x":0,"y":0,"z":0,"w":1},"s":{"x":1,"y":1,"z":1}},{"n":"house02","p":{"x":-35.227,"y":0.5,"z":8.486},"r":{"x":0,"y":1,"z":0,"w":6.123233995736766e-17},"s":{"x":1,"y":1,"z":1}},{"n":"house02","p":{"x":6.712,"y":0.5,"z":-2.969},"r":{"x":0,"y":0.7071067811865475,"z":0,"w":0.7071067811865476},"s":{"x":1,"y":1,"z":1}},{"n":"house02","p":{"x":7.24,"y":0.5,"z":-9.543},"r":{"x":0,"y":-0.7071067811865475,"z":0,"w":0.7071067811865476},"s":{"x":1,"y":1,"z":1}},{"n":"house02","p":{"x":-16.285,"y":0.5,"z":-5.348},"r":{"x":0,"y":1,"z":0,"w":6.123233995736766e-17},"s":{"x":1,"y":1,"z":1}},{"n":"house02","p":{"x":23.364,"y":0.5,"z":-2.303},"r":{"x":0,"y":1,"z":0,"w":6.123233995736766e-17},"s":{"x":1,"y":1,"z":1}},{"n":"house02","p":{"x":-16.427,"y":0.5,"z":-21.285},"r":{"x":0,"y":1,"z":0,"w":6.123233995736766e-17},"s":{"x":1,"y":1,"z":1}},{"n":"house02","p":{"x":-16.427,"y":0.5,"z":26.775},"r":{"x":0,"y":1,"z":0,"w":6.123233995736766e-17},"s":{"x":1,"y":1,"z":1}},{"n":"Bonus-Cocos","p":{"x":-29.586,"y":1,"z":4.155},"r":{"x":0,"y":0,"z":0,"w":1},"s":{"x":1,"y":1,"z":1}},{"n":"Bonus-Cocos","p":{"x":-29.586,"y":1,"z":0.007},"r":{"x":0,"y":0,"z":0,"w":1},"s":{"x":1,"y":1,"z":1}},{"n":"Bonus-Cocos","p":{"x":-29.586,"y":1,"z":-4.518},"r":{"x":0,"y":0,"z":0,"w":1},"s":{"x":1,"y":1,"z":1}},{"n":"Bonus-Cocos","p":{"x":-29.586,"y":1,"z":-8.979},"r":{"x":0,"y":0,"z":0,"w":1},"s":{"x":1,"y":1,"z":1}},{"n":"Bonus-Cocos","p":{"x":-9.831,"y":1,"z":-8.701},"r":{"x":0,"y":0,"z":0,"w":1},"s":{"x":1,"y":1,"z":1}},{"n":"Bonus-Cocos","p":{"x":-9.719,"y":1,"z":-13.649},"r":{"x":0,"y":0,"z":0,"w":1},"s":{"x":1,"y":1,"z":1}},{"n":"Bonus-Cocos","p":{"x":29.346,"y":1,"z":0.166},"r":{"x":0,"y":0,"z":0,"w":1},"s":{"x":1,"y":1,"z":1}},{"n":"Bonus-Cocos","p":{"x":29.346,"y":1,"z":-8.82},"r":{"x":0,"y":0,"z":0,"w":1},"s":{"x":1,"y":1,"z":1}},{"n":"Bonus-Cocos","p":{"x":29.346,"y":1,"z":-4.359},"r":{"x":0,"y":0,"z":0,"w":1},"s":{"x":1,"y":1,"z":1}},{"n":"Bonus-Cocos","p":{"x":16.641,"y":1,"z":-8.575},"r":{"x":0,"y":0,"z":0,"w":1},"s":{"x":1,"y":1,"z":1}},{"n":"Bonus-Cocos","p":{"x":29.346,"y":1,"z":-13.49},"r":{"x":0,"y":0,"z":0,"w":1},"s":{"x":1,"y":1,"z":1}},{"n":"Bonus-Cocos","p":{"x":16.552,"y":1,"z":-4.79},"r":{"x":0,"y":0,"z":0,"w":1},"s":{"x":1,"y":1,"z":1}},{"n":"Bonus-Cocos","p":{"x":3.74,"y":1,"z":14.308},"r":{"x":0,"y":0,"z":0,"w":1},"s":{"x":1,"y":1,"z":1}},{"n":"Bonus-Cocos","p":{"x":3.7,"y":1,"z":19.305},"r":{"x":0,"y":0,"z":0,"w":1},"s":{"x":1,"y":1,"z":1}},{"n":"Bonus-Cocos","p":{"x":-3.217,"y":1,"z":29.555},"r":{"x":0,"y":0.7071067811865475,"z":0,"w":0.7071067811865476},"s":{"x":1,"y":1,"z":1}},{"n":"Bonus-Cocos","p":{"x":-9.759,"y":1,"z":16.616},"r":{"x":0,"y":0.7071067811865475,"z":0,"w":0.7071067811865476},"s":{"x":1,"y":1,"z":1}},{"n":"Bonus-Cocos","p":{"x":-15.313,"y":1,"z":4.234},"r":{"x":0,"y":0.7071067811865475,"z":0,"w":0.7071067811865476},"s":{"x":1,"y":1,"z":1}},{"n":"Bonus-Cocos","p":{"x":12.241,"y":1,"z":-29.429},"r":{"x":0,"y":0.7071067811865475,"z":0,"w":0.7071067811865476},"s":{"x":1,"y":1,"z":1}},{"n":"Bonus-Cocos","p":{"x":16.987,"y":1,"z":-29.429},"r":{"x":0,"y":0.7071067811865475,"z":0,"w":0.7071067811865476},"s":{"x":1,"y":1,"z":1}},{"n":"Bonus-Cocos","p":{"x":21.226,"y":1,"z":-29.429},"r":{"x":0,"y":0.7071067811865475,"z":0,"w":0.7071067811865476},"s":{"x":1,"y":1,"z":1}},{"n":"truck02","p":{"x":9.615,"y":0.5,"z":18.562},"r":{"x":0,"y":0.7071067811865475,"z":0,"w":0.7071067811865476},"s":{"x":2,"y":2,"z":2}},{"n":"truck01","p":{"x":-23,"y":0.5,"z":14},"r":{"x":0,"y":0.7071067811865475,"z":0,"w":0.7071067811865476},"s":{"x":2,"y":2,"z":2}},{"n":"truck01","p":{"x":-23,"y":0.5,"z":10},"r":{"x":0,"y":0.7071067811865475,"z":0,"w":0.7071067811865476},"s":{"x":2,"y":2,"z":2}},{"n":"truck01","p":{"x":-23,"y":0.5,"z":6},"r":{"x":0,"y":0.7071067811865475,"z":0,"w":0.7071067811865476},"s":{"x":2,"y":2,"z":2}},{"n":"truck02","p":{"x":9.615,"y":0.5,"z":26.562},"r":{"x":0,"y":0.7071067811865475,"z":0,"w":0.7071067811865476},"s":{"x":2,"y":2,"z":2}},{"n":"truck02","p":{"x":9.615,"y":0.5,"z":22.562},"r":{"x":0,"y":0.7071067811865475,"z":0,"w":0.7071067811865476},"s":{"x":2,"y":2,"z":2}}]